code,name,tehsil,city
1001,SANT MIRA GIRLS  H.S. SCHOOL NIJATPURA,UJJAIN,UJJAIN
1002,GANDHI PUBLIC M.S.SCHOOL,UJJAIN,UJJAIN
1003,ALOK H.S.SCHOOL,UJJAIN,UJJAIN
1004,GOVT. P.S. INDRA NAGAR,UJJAIN,UJJAIN
1005,GOVT. M.S. VISHWA BANK COLONY,UJJAIN,UJJAIN
1006,GOVT. H.SCHOOL DHANCHA BHAWAN,UJJAIN,UJJAIN
1007,GOVT. P.S. SCHOOL VISHWA BANK COLONY,UJJAIN,UJJAIN
1008,ANNAPURNA MONTESSARI VISHWA BANK COLONY,UJJAIN,UJJAIN
1009,GOVT. P.S. SCHOOL KHILCHIPUR,UJJAIN,UJJAIN
1010,ACTIVE ENGLISH HIGH SCHOOL,UJJAIN,UJJAIN
1011,CITI MONTESSARI SCHOOL INDRANAGAR,UJJAIN,UJJAIN
1012,JAGRATI VIDYAPEETH URDUPURA,UJJAIN,UJJAIN
1013,YOUNG HERALD CONVENT SCHOOL,UJJAIN,UJJAIN
1014,DHARMISTHA CONVENT MOHAN NAGAR,UJJAIN,UJJAIN
1015,GOVT. GIRLS M. S. DOULATGANJ,UJJAIN,UJJAIN
1016,GAYATRI SHISHU MANDIR GHEE MANDI,UJJAIN,UJJAIN
1017,PARAG H.S. SCHOOL DOULATGANJ,UJJAIN,UJJAIN
1018,GOVT. GIRLS URDU H.S. MADAR GATE NALIYABHKHAL,UJJAIN,UJJAIN
1019,GOVT. GIRLS M.S. NALIYABAKHAL,UJJAIN,UJJAIN
1020,BAL SANSKAR SHALA GAYATRI SHAKTIPEETH,UJJAIN,UJJAIN
1021,LOKMANYA TILAK PANDARIBA,UJJAIN,UJJAIN
1022,KALIDAS MONTESSARI SCHOOL BAMBAKHANA,UJJAIN,UJJAIN
1023,BABA MEMORIAL CONVENT PANDARIBA,UJJAIN,UJJAIN
1024,GOVT. H.S. SCHOOL MAHARAJWADA KR.2,UJJAIN,UJJAIN
1025,GOVT GIRLS H.S. SCHOOL SARAFA,UJJAIN,UJJAIN
1026,DAYANAND SARASWATI SHISHU MANDIR,UJJAIN,UJJAIN
1027,DRONACHARY PUBLIC H.S. AGAR ROAD,UJJAIN,UJJAIN
1029,PRATIBHAWAN AWASIY VIDHYA LALPUR,UJJAIN,UJJAIN
1030,GOVT GIRLS M.S. INDRANAGAR,UJJAIN,UJJAIN
1031,KADAMBINI CHILDREN ACADEMY,UJJAIN,UJJAIN
1032,BHARTIY GYAN PEETH H.S. S. MAHANANDA NAGAR,UJJAIN,UJJAIN
1033,GOVT. UTKRASHT H.S. SCHOOL MADHAV NAGAR,UJJAIN,UJJAIN
1034,BHARTIY GYAN PEETH M. S. MAHANANDA NAGAR,UJJAIN,UJJAIN
1035,GUJRATI SAMAJ H.S. NAI SADAK,UJJAIN,UJJAIN
1036,GOVT. POLYTECHNIC,UJJAIN,UJJAIN
1037,SANSKAR PUBLIC SCHOOL NAGJHIRI,UJJAIN,UJJAIN
1038,GOVT. NAVIN H.S. KSHIRSAGAR,UJJAIN,UJJAIN
1039,INDITE PUBLIC H. S. SCHOOL,UJJAIN,UJJAIN
1040,SHIPRA CONVENT PUBLIC H.S.,UJJAIN,UJJAIN
1041,PUSHKAR PUBLIC H.S.S. RAJENDRA NAGAR,UJJAIN,UJJAIN
1042,DELHI PUBLIC SCHOOL,UJJAIN,UJJAIN
1043,BHARTIY GYAN PEETH MADHAV NAGAR,UJJAIN,UJJAIN
1044,MG CONVENT SHASTRINAGAR,UJJAIN,UJJAIN
1045,GOVT. GIRLS M.SCHOOL DASSERA MAIDAN,UJJAIN,UJJAIN
1046,BALAK AWASIY CHHATRAWAS,UJJAIN,UJJAIN
1047,PREMETRIK GIRLS CHHATRAWAS METRIC,UJJAIN,UJJAIN
1048,GOVT. GIRLS M.SCHOOL DASSERA MAIDAN KR. 2,UJJAIN,UJJAIN
1049,BAL SANSKAR SHALA,UJJAIN,UJJAIN
1050,KENDRIYA VIDHYALAYA,UJJAIN,UJJAIN
1051,LITTLE ROSE H.S. GOPAL PURA,UJJAIN,UJJAIN
1052,SHEETAL PUBLIC H.S. PANWASA,UJJAIN,UJJAIN
1053,GOVT. BOYS H.S.S. PANWASA,UJJAIN,UJJAIN
1054,GYAN SAGAR  ACADEMY DEWAS ROAD,UJJAIN,UJJAIN
1055,OXFORD JUNIOR COLLEGE,UJJAIN,UJJAIN
1056,SANT VIDHYA CONVENT SCHOOL SNEH NAGAR,UJJAIN,UJJAIN
1057,THE DIVINE H.S.S. SUBHASHNAGAR,UJJAIN,UJJAIN
1058,KALIDAS MONTESSARI H.S. RISHINAGAR,UJJAIN,UJJAIN
1059,RAMKRISHNA PUBLIC SCHOOL,UJJAIN,UJJAIN
1060,SAINT JOHNS CONVENT H.S. PREMNAGAR,UJJAIN,UJJAIN
1061,PRATHIBHA CONVENT SCHOOL TRIVENI CHOUHARA,UJJAIN,UJJAIN
1062,GOVT. H. S. S. PANTH PIPIEY,UJJAIN,UJJAIN
1063,GOVT. H.S. NINORA,UJJAIN,UJJAIN
1064,GOVT. M. S. RAMWASA,UJJAIN,UJJAIN
1065,GOVT. M. S. BODANI,UJJAIN,UJJAIN
1066,GOVT. M. S. MANGAROLA,UJJAIN,UJJAIN
1067,GOVT. M. S. NAYAKHEDI,UJJAIN,UJJAIN
1068,NEW MONTESARY PUBLIC SCHOOL M.S.DATANA,UJJAIN,UJJAIN
1069,SWAMI VIVEKANAD H.S.TAJPUR,UJJAIN,UJJAIN
1070,GOVT BOYS M.S. TAJPUR,UJJAIN,UJJAIN
1071,GOVT. GIRLS M.S. TAJPUR,UJJAIN,UJJAIN
1072,VIDHYA VIHAR M.S. SANKAR PUR,UJJAIN,UJJAIN
1073,UTKARSH GIRLS CHHATRAWAS,UJJAIN,UJJAIN
1074,NALANDA ACADEMY,UJJAIN,UJJAIN
1075,NAV PRABHAT PUBLIC SCHOOL,UJJAIN,UJJAIN
1076,SKBM H. S. SCHOOL,UJJAIN,UJJAIN
1077,GOVT. M.S. SURJANWASA,UJJAIN,UJJAIN
1078,GOVT. H.S. JAWASIA KUMAR,UJJAIN,UJJAIN
1079,STUDY HOME H.S.S. MAXIROAD,UJJAIN,UJJAIN
1080,LOKMANY TILAK M.S. NILGANGA,UJJAIN,UJJAIN
1082,VINAYAK H.S. CHINTAMAN GANESH,UJJAIN,UJJAIN
1083,GOVT. M. SCHOOL KAROHAN,UJJAIN,UJJAIN
1084,SHREE RISHI GURUKUL CHINTAMAN GANESH,UJJAIN,UJJAIN
1085,GOVT M.S. GONDIYA,UJJAIN,UJJAIN
1086,SARASWATI GYAN MANDIR LEKODA,UJJAIN,UJJAIN
1087,GOVT. H.S. SCHOOL LEKODA,UJJAIN,UJJAIN
1088,GOVT. M. SCHOOL LEKODA,UJJAIN,UJJAIN
1089,GOVT. M. SCHOOL GANGEDI,UJJAIN,UJJAIN
1090,MAHARSHI KARN VED VIDHYA MANDIR DHAM RATNA,UJJAIN,UJJAIN
1091,RADHIKA M.S. PIPLIYA RAGHO,UJJAIN,UJJAIN
1092,GOVT. H.S. KAROHAN,UJJAIN,UJJAIN
1093,GOVT. M. SCHOOL NINORA,UJJAIN,UJJAIN
1095,GOVT. M. SCHOOL CHANDU KHEDI,UJJAIN,UJJAIN
1096,GOVT. M. SCHOOL NALWA,UJJAIN,UJJAIN
1097,GOVT. M. SCHOOL JAMALPURA,UJJAIN,UJJAIN
1098,GOVT. M.S. BOLASA,UJJAIN,UJJAIN
1100,GOVT. M.S. FATEHABAD,UJJAIN,UJJAIN
1102,GOVT. M. SCHOOL ALAMPUR UDANA,UJJAIN,UJJAIN
1103,GOVT. M. SCHOOL DHATRAWADA,UJJAIN,UJJAIN
1104,GOVT. M. SCHOOL DATANA,UJJAIN,UJJAIN
1105,GOVT. M. S. CHANDESRA,UJJAIN,UJJAIN
1106,GOVT. M. S. KADCHHALI,UJJAIN,UJJAIN
1107,GOVT. P. S. KHAJURIYA KUMAWAT,UJJAIN,UJJAIN
1108,GOVT. M. SCHOOL SEMALIYA NSAR,UJJAIN,UJJAIN
1109,GOVT. M.S. SCHOOL MUNJAKHEDI,UJJAIN,UJJAIN
1110,GOVT. M. S. HARNAWADA,UJJAIN,UJJAIN
1111,GOVT. M. S. KESUNI,UJJAIN,UJJAIN
1112,GOVT. M. SCHOOL KHEMASHA,UJJAIN,UJJAIN
1113,GOVT. M. SCHOOL BAMORA,UJJAIN,UJJAIN
1114,GOVT. M. S. ARWAS,UJJAIN,UJJAIN
1115,GOVT. M. SCHOOL TALOD,UJJAIN,UJJAIN
1116,GOVT. M. S. MATANAKHURD,UJJAIN,UJJAIN
1117,GOVT. P. S. MATANAKHURD,UJJAIN,UJJAIN
1118,GOVT. M. S. TAKWASA,UJJAIN,UJJAIN
1119,GOVT. M.S. KANKARIYA,UJJAIN,UJJAIN
1120,GOVT. P. SCHOOL BADKUMED,UJJAIN,UJJAIN
1121,GOVT. M. SCHOOL PINGLESHWAR,UJJAIN,UJJAIN
1126,GOVT. M. S. KITHODARAO,UJJAIN,UJJAIN
1127,LOKMANYA TILAK V. V. H. SCHOOL NILGANGA,UJJAIN,UJJAIN
1128,LOKMANYA TILAK V. V. H. S. SCHOOL NILGANGA,UJJAIN,UJJAIN
1129,GOVT P.S. NILGANGA,UJJAIN,UJJAIN
1130,GOVT P.S. SHASTRINAGAR,UJJAIN,UJJAIN
1131,CROWN PUBLIC SCHOOL SANTNAGAR,UJJAIN,UJJAIN
1132,AMBIKA MONTESARRI M.S.KESHAVNAGAR,UJJAIN,UJJAIN
1133,GEETANJLI M.S. RAVISHANKAR NAGAR,UJJAIN,UJJAIN
1134,SUNRISE PUBLIC SCHOOL MAHANANDA NAGAR,UJJAIN,UJJAIN
1171,LITTLE CONVENT H.S. MAHANANDA,UJJAIN,UJJAIN
2201,FEM GURUKUL ACADEMEY,SHAJAPUR,SHAJAPUR
2226,GOVT. SHREE VARAHMIHIR H.S.S. KAYTHA,TARANA,UJJAIN
2227,GOVT. M.S. SAROLA,TARANA,UJJAIN
2228,SHAN-E-SLIBA VIDHYA MANDIR KAYTHA,TARANA,UJJAIN
2230,GOVT M.S. BHERUPURA,TARANA,UJJAIN
2231,SARSWATI SHISHU VIDHYA MANDIR KAYTHA,TARANA,UJJAIN
2232,GOVT. H.S. KATHBAROD,TARANA,UJJAIN
2233,GOVT.  M. S. BHATUNI,TARANA,UJJAIN
2234,GOVT.  H. S. BHATUNI,TARANA,UJJAIN
2235,GOVT. H. S. AASERA,TARANA,UJJAIN
2236,GURUKUL ACADEMY KHAJURIYA,TARANA,UJJAIN
2237,GOVT. M.S. SAKARI,TARANA,UJJAIN
2238,GOVT. M.S. PIPLYAKAYTHA,TARANA,UJJAIN
2239,UNIVERSAL ACADEMY KANASIYA,TARANA,UJJAIN
2240,SARSWATI SHISHU VIDHYA MANDIR KANARDI,TARANA,UJJAIN
2241,BHAVAN CONVENT SCHOOL MAKDON,TARANA,UJJAIN
2242,NEW PUBLIC MODERN SCHOOL RUPA KHEDI,TARANA,UJJAIN
2243,CHAITANYA KIRTI PUBLIC SCHOOL RUPAKHEDI,TARANA,UJJAIN
2244,PRIDASHANI INDIRA GANTHI H. S. SCHOOL ROOPAKHEDI,TARANA,UJJAIN
2245,GOVT H.S. DHABLA HARDU,TARANA,UJJAIN
2247,GOVT H.S. PAT,TARANA,UJJAIN
2249,GOVT H.S. TUKRAL,TARANA,UJJAIN
2250,GOVT M.S. TUKRAL,TARANA,UJJAIN
2251,NEW TAKSHASHILA CONVENT SCHOOL,TARANA,UJJAIN
2252,RAJIV RATN ADHYAYAN SHALA,TARANA,UJJAIN
2253,SARDAR PATEL H.S. TARANA,TARANA,UJJAIN
2254,GOVT BOYS M.S. KR. -3 TARANA,TARANA,UJJAIN
2255,L.N.P.S. KACHANARIYA,TARANA,UJJAIN
2256,SUMEDHA BAL NIKETAN MALIKHEDI,TARANA,UJJAIN
2257,GOVT P.S._M.S. SALAKHEDI,TARANA,UJJAIN
2258,GOVT. NAVIN H.S. TARANA,TARANA,UJJAIN
2259,SANT KALIDAS SCHOOL,TARANA,UJJAIN
2260,GOVT. UTKRASHT H.S. SCHOOL,TARANA,UJJAIN
2261,GOVT. M.S.KRAMANK -1 TARANA,TARANA,UJJAIN
2262,GOVT P.S._M.S. KARANJ,TARANA,UJJAIN
2263,GOVT.GIRLS H.S.SCHOOL TARANA,TARANA,UJJAIN
2264,GAYATRI SHISHU MANDIR KACHNARIYA,TARANA,UJJAIN
2265,GOVT M.S. KHAMLI,TARANA,UJJAIN
2266,GOVT H.S. KACHANARIYA,TARANA,UJJAIN
2267,GOVT P.S. KHAMLIKHEDA,TARANA,UJJAIN
2268,GOVT BOYS M.S. KACHANARIYA,TARANA,UJJAIN
2269,ADARSH H.S. TARANA,TARANA,UJJAIN
2270,DEEN SAHARA SHISHU MANDIR MAKDON,TARANA,UJJAIN
2271,MAKDON PUBLIC SCHOOL MAKDON,TARANA,UJJAIN
2272,GOVT. RAVINDRA BOYS H.S.SCHOOL MAKDON,TARANA,UJJAIN
2273,SUNRISE MODEL SCHOOL M.S. MAKDON,TARANA,UJJAIN
2274,GOVT GIRLS H.S.S. MAKDON,TARANA,UJJAIN
2275,SHREE VINAYAK ACADEMY MAKDON,TARANA,UJJAIN
2276,GOVT GIRLS M.S. MAKDON,TARANA,UJJAIN
3326,MAHARSHI SANDIPANI M.S. JAGOTI,MAHIDPUR,UJJAIN
3327,VIJAY MONTESARI PRI. SCHOOL JAGOTI,MAHIDPUR,UJJAIN
3328,GOVT. M.S. AJAMABAD,MAHIDPUR,UJJAIN
3329,GOVT. GIRLS M.S. JAGOTI,MAHIDPUR,UJJAIN
3330,GOVT.H.S. NIPANIYA RAJU,MAHIDPUR,UJJAIN
3331,SARASWATI GYAN MANDIR KHEDAKHAJURIYA,MAHIDPUR,UJJAIN
3332,GOVT.M._P. SCHOOL KHEDAKHAJURIYA,MAHIDPUR,UJJAIN
3333,SHANTI NIKETAN H.S. KHEDAKHAJURIYA,MAHIDPUR,UJJAIN
3334,GOVT. H.S.SCHOOL GHONSALA,MAHIDPUR,UJJAIN
3335,GOVT. M.S. GHONSALA,MAHIDPUR,UJJAIN
3336,SHREE GURUNANAK PUBLIC SCHOOL GHONSALA,MAHIDPUR,UJJAIN
3337,SARASWATI SANSKAR WATIKA GHONSALA,MAHIDPUR,UJJAIN
3338,GOVT. M.S. MAHUDI,MAHIDPUR,UJJAIN
3339,GOVT. H.S.S.KHEDA KHAJURIYA,MAHIDPUR,UJJAIN
3340,GOVT. M.S. KITIYA,MAHIDPUR,UJJAIN
3341,GOVT. M. SCHOOL NIMAKHEDI,MAHIDPUR,UJJAIN
3342,GOVT M.S. NALKHEDA,MAHIDPUR,UJJAIN
3343,GOVT. M. SCHOOL TAROT,MAHIDPUR,UJJAIN
3344,GOVT. M.S. BANI,MAHIDPUR,UJJAIN
3345,GOVT M.S. SUMRAKHEDA,MAHIDPUR,UJJAIN
3346,GOVT. GIRLS M.S. JHARDA,MAHIDPUR,UJJAIN
3347,GOVT. BOYS M.S. JHARDA,MAHIDPUR,UJJAIN
3348,GOVT. M.SCHOOL KHADANIYA,MAHIDPUR,UJJAIN
3349,GOVT. M.S. GOGAKHEDA,MAHIDPUR,UJJAIN
3350,GOVT P.S. GELAKHEDI,MAHIDPUR,UJJAIN
3351,GOVT M.S. KHORIYAPADAM,MAHIDPUR,UJJAIN
3352,GOVT. M.S. GHATIYA SAI DAS,MAHIDPUR,UJJAIN
3353,GOVT. H.S. RANAYARA PEER,MAHIDPUR,UJJAIN
3354,GOVT. P.S. LASULDIYA MANSUR,MAHIDPUR,UJJAIN
3355,GOVT. P.S. BAIJNATH,MAHIDPUR,UJJAIN
3356,GOVT. P.S. KACHARIYA,MAHIDPUR,UJJAIN
3358,GOVT. P.S. PADLIYA,MAHIDPUR,UJJAIN
3359,GOVT. P.S.NAGPURA,MAHIDPUR,UJJAIN
3360,GOVT P.S. KADAI,MAHIDPUR,UJJAIN
3361,GOVT. P.S. THIKRIA,MAHIDPUR,UJJAIN
3362,GOVT. P.S. MAHIDPUR ROAD,MAHIDPUR,UJJAIN
3363,GOVT. M.S. MAHIDPUR ROAD,MAHIDPUR,UJJAIN
3364,GOVT. GIRLS M.S. MAHIDPUR ROAD,MAHIDPUR,UJJAIN
3365,GOVT. GIRLS H.S. MAHIDPUR ROAD,MAHIDPUR,UJJAIN
3366,SHARDA H.SCHOOL MAHIDPUR ROAD,MAHIDPUR,UJJAIN
3367,GURUKUL MANAS ACADEMY H.SCHOOL MAHIDPUR ROAD,MAHIDPUR,UJJAIN
3368,ST.MARY CONVENT H.SCHOOL GOGAPUR,MAHIDPUR,UJJAIN
3369,GOVT.M.SCHOOL KOYAL,MAHIDPUR,UJJAIN
3371,GOVT.P.SCHOOL PETALAWAD,MAHIDPUR,UJJAIN
3372,GOVT.M.SCHOOL PETALAWAD,MAHIDPUR,UJJAIN
3373,GOVT.H.SCHOOL PETALAWAD,MAHIDPUR,UJJAIN
3374,GOVT.H.S. SCHOOL JHUTAWAD,MAHIDPUR,UJJAIN
3375,NEW GENERATION PUBLIC SCHOOL JHUTAWAD,MAHIDPUR,UJJAIN
3376,GOVT.P.SCHOOL DUNGRIYA,MAHIDPUR,UJJAIN
3377,GOVT.M.SCHOOL KANAKHEDI,MAHIDPUR,UJJAIN
3378,GOVT. M.S.TARNOD,MAHIDPUR,UJJAIN
3379,GOVT. M.S. BARUKHEDI,MAHIDPUR,UJJAIN
3380,JAI MA VAISHNAV CONVENT SCHOOL JHARDA,MAHIDPUR,UJJAIN
3381,MAHIDPUR PUBLIC SCHOOL JHARDA,MAHIDPUR,UJJAIN
3382,GOVT. BOYS H.S.SCHOOL  JHARDA,MAHIDPUR,UJJAIN
3383,GOVT.H.S.S. INDOKH,MAHIDPUR,UJJAIN
3384,GOVT. H.S.SCHOOL KHEDAKASON,MAHIDPUR,UJJAIN
3385,GOVT. M.S. BAIJNATH,MAHIDPUR,UJJAIN
3386,GOVT. M.S. THIKRIA,MAHIDPUR,UJJAIN
3387,GOVT M.S.NIPANIYA BADAR,MAHIDPUR,UJJAIN
3388,GOVT M._P.S. SAKRIYA,MAHIDPUR,UJJAIN
3389,GOVT M.S. PIPALYA DHUMA,MAHIDPUR,UJJAIN
3390,GOVT.M.S.DHABLA SIYA,MAHIDPUR,UJJAIN
3391,GOVT M.S.  LOTIYA JUNARDA,MAHIDPUR,UJJAIN
3392,GOVT. M.S. INDOKH,MAHIDPUR,UJJAIN
3393,GOVT M.S.  MALYA,MAHIDPUR,UJJAIN
3394,GOVT M.S.  BOLKHEDA GHAT,MAHIDPUR,UJJAIN
3395,GOVT. M.S. RANAYARA PIR,MAHIDPUR,UJJAIN
3396,GOVT. M.S. KANTHARIYA,MAHIDPUR,UJJAIN
3397,GOVT M.S.  KHEDLA,MAHIDPUR,UJJAIN
3398,GOVT. M.S.SCHOOL KHEDAKASON,MAHIDPUR,UJJAIN
3399,GOVT. M.S. DONGERKHEDA,MAHIDPUR,UJJAIN
3400,GOVT M._P.S.  GHATPIPLIYA,MAHIDPUR,UJJAIN
3401,GOVT. P.S. GHATIYA SAI DAS,MAHIDPUR,UJJAIN
3402,GOVT M.S.  MENDKI,MAHIDPUR,UJJAIN
3403,GOVT P.S.  KHEDLA,MAHIDPUR,UJJAIN
3404,GOVT. P.S. MAHIDPUR,MAHIDPUR,UJJAIN
3405,GOVT. M.S. LASULDIYA NAHTA,MAHIDPUR,UJJAIN
3406,GOVT.M.S. KACHARIA,MAHIDPUR,UJJAIN
3407,GOVT. P. SCHOOL TAROT,MAHIDPUR,UJJAIN
3408,TRINETRA PUBLIC SCHOOL GHONSALA,MAHIDPUR,UJJAIN
3409,GOVT. H.S.SCHOOL JAGOTI,MAHIDPUR,UJJAIN
3410,GOVT. M.S. LASULDIYA MANSUR,MAHIDPUR,UJJAIN
3411,GOVT.M.SCHOOL MUNDALA,MAHIDPUR,UJJAIN
3412,SAINT JOSEPH CONVENT MAHIDPUR,MAHIDPUR,UJJAIN
3413,NAI ABADI RANAYARA PIR,MAHIDPUR,UJJAIN
3414,GOVT. GIRLS H.S.SCHOOL  JHARDA,MAHIDPUR,UJJAIN
3415,GOVT. M.S. MALIKHEDI,MAHIDPUR,UJJAIN
4087,PRIVATE,KHACHROD,UJJAIN
4493,GOVT. P.S. SEMALIYA,BADNAGAR,UJJAIN
4494,GOVT. P.S. MITHIKHEDI,BADNAGAR,UJJAIN
4451,GYAN JYOTI H.S. SCHOOL MAKDAWAN,BADNAGAR,UJJAIN
4452,GOVT. M.S. PALSODA,BADNAGAR,UJJAIN
4453,GOVT. H.S. PALSODA,BADNAGAR,UJJAIN
4454,BAGESWARI VIDYA VIHAR PALSODA,BADNAGAR,UJJAIN
4455,GOVT. P.S. BISAHEDA,BADNAGAR,UJJAIN
4496,GOVT. M.S. BISAHEDA,BADNAGAR,UJJAIN
4456,VIDYA SAGAR M. S. JAL BHAIRAV BADNAGAR,BADNAGAR,UJJAIN
4457,GOVT H.S. MOLANA,BADNAGAR,UJJAIN
4458,SHREE VIVEKANAD HIGH SCHOOL,BADNAGAR,UJJAIN
4459,GOVT. GIRLS P.S. MOLANA,BADNAGAR,UJJAIN
4460,GOVT. M.S. MOLANA,BADNAGAR,UJJAIN
4461,SARASWATI SHISHU VIDYA VIHAR,BADNAGAR,UJJAIN
4462,GOVT. M.S. PANCHWATI KR.1,BADNAGAR,UJJAIN
4463,GOVT. M.S. KR.-2  NUTAN,BADNAGAR,UJJAIN
4464,GAYATRI VIDYA MANDIR JAHANGIRPUR,BADNAGAR,UJJAIN
4465,GAYATRI SHISHU MANDIR MALAPURA,BADNAGAR,UJJAIN
4466,GOVT. GIRLS H.S.S.,BADNAGAR,UJJAIN
4467,GOVT. UTKRIST H.S.S.,BADNAGAR,UJJAIN
4468,LATA DEVI GIRLS H.S.S,BADNAGAR,UJJAIN
4469,JAGRATI SHIKSHAN PARISHAD,BADNAGAR,UJJAIN
4470,SANTOSH VIDHYA MANDIR H.S.S. BANGRED,BADNAGAR,UJJAIN
4471,GOVT. BOYS P._M.S. UTWARA,BADNAGAR,UJJAIN
4472,GOVT. BOYS P._M.S. ARJUNKHEDA,BADNAGAR,UJJAIN
4473,GYANARJAN SARASWATI SHISHU MANDIR,BADNAGAR,UJJAIN
4474,GAYATRI SHISHU MANDIR CHIROLA KALA,BADNAGAR,UJJAIN
4475,GOVT.H.S.S. INGORIYA,BADNAGAR,UJJAIN
4476,GOVT M.S. SUNDRABAD,BADNAGAR,UJJAIN
4477,GOVT. P._M. SCHOOL SUNDRABAD,BADNAGAR,UJJAIN
4478,SARITA M. SCHOOL,BADNAGAR,UJJAIN
4479,GOVT. M. S. LOHANA,BADNAGAR,UJJAIN
4480,GOVT. MAHAVIDHYALAY,BADNAGAR,UJJAIN
4481,GOVT. P._M. SCHOOL,BADNAGAR,UJJAIN
4482,SHAIL PUBLIC SCHOOL INGURIYA CHOPATI,BADNAGAR,UJJAIN
4484,BHARTIYA GYAN MANDIR H.S.S. JHANGIRPUR,BADNAGAR,UJJAIN
4485,GOVT. P._M. S. KHADOTIYA,BADNAGAR,UJJAIN
4487,GYAN SAROVAR VIDHYA NIKETAN,KHACHROD,UJJAIN
4488,GOVT M.S. CHIROLA KALA,KHACHROD,UJJAIN
4492,GOVT.P._M. S. DATARWA,BADNAGAR,UJJAIN
4495,GOVT. PRANNOT P.S. NAYA BISAHEDA,BADNAGAR,UJJAIN
5061,KOUTILY  EDUCATION ACADEMY,SHAJAPUR,SHAJAPUR
5551,SHIVAJI H.S.S. BIRLAGRAM,NAGDA,UJJAIN
5552,GOVT P.S. AJIMAWAD PARDI,NAGDA,UJJAIN
5553,GOVT M.S. AJIMAWAD PARDI,NAGDA,UJJAIN
5554,GOVT M.S. BHATISUDA,NAGDA,UJJAIN
5555,JAWAHAR NAVODAY SCHOOL,NAGDA,UJJAIN
5556,GOVT P.S. BHATISUDA,NAGDA,UJJAIN
5557,NEW LOOK CONVENT,NAGDA,UJJAIN
5558,ADITYA BIRLA SENIOR SECONDARY SCHOOL,NAGDA,UJJAIN
5559,JAYANT MIDDLE SCHOOL,NAGDA,UJJAIN
5560,GOVT H.S.S. BERCHHA,NAGDA,UJJAIN
5561,VERDHAMAN CONVENT H.S.S.,NAGDA,UJJAIN
5562,BAL VINAY MANDIR,NAGDA,UJJAIN
5563,GURUKUL H.S.S. SHIVPURA,NAGDA,UJJAIN
5564,GOVT GIRLS H.S.S.,NAGDA,UJJAIN
5565,GOVT M. S. ALSI,NAGDA,UJJAIN
5566,MOTHER MARRY H.S.SCHOOL NAGDA,NAGDA,UJJAIN
5567,ABHILASHA PUBLIC SCHOOL,NAGDA,UJJAIN
5568,GOVT. M. S. BERCHHA,NAGDA,UJJAIN
5569,YAS PUBLIC SENIOR SECONDARY SCHOOL,NAGDA,UJJAIN
5570,MARUTI H.S.S. BIRLAGRAM,NAGDA,UJJAIN
5571,LAKSHYA INTERNATIONAL SCHOOL,NAGDA,UJJAIN
5572,CHILDREN'S CHOICE SCHOOL,NAGDA,UJJAIN
5573,GOVT M.S. NIPANIYA NAGADA,NAGDA,UJJAIN
5574,JIGYASA CONVENT SCHOOL,NAGDA,UJJAIN
5575,AGROHA H.S.S. JAWAHAR MARG,NAGDA,UJJAIN
5576,GOVT. BOYS M.S. KRAMANK 2,NAGDA,UJJAIN
5577,ADITYA BIRLA H.S.SCHOOL,NAGDA,UJJAIN
5578,AGOSHDEEP INTERNATIONAL PUBLIC SCHOOL,NAGDA,UJJAIN
5579,VISION PUBLIC SCHOOL,NAGDA,UJJAIN
5580,ADARSH H.S. SCHOOL,NAGDA,UJJAIN
5581,JANME JAY PADLAYAKALA,NAGDA,UJJAIN
5582,GOVT. BOYS H.S. SCHOOL,NAGDA,UJJAIN
5583,ADITY VIDHYA MANDIR H.S.SCHOOL NAGDA,NAGDA,UJJAIN
5584,JAI HIND VIDHYA MANDIR,NAGDA,UJJAIN
5585,NEEL KAMAL VIDHYA MANDIR RAJALA,NAGDA,UJJAIN
5586,DIVINE PUBLIC S. BEDAWAN,NAGDA,UJJAIN
5587,GOVT M.S. BEDAWAN,NAGDA,UJJAIN
5588,GOVT. H.S. BEDAWAN,NAGDA,UJJAIN
5589,SARASWATI SHISHU MANDIR BEDAWAN,NAGDA,UJJAIN
5590,SANSKAR H.S.S. UNHEL,NAGDA,UJJAIN
5591,GOVT. M.S. RAILWAY STATION UNHEL,NAGDA,UJJAIN
5592,GOVT. P.S. BARKHEDA MODEL,NAGDA,UJJAIN
5593,GOVT. M.S. BARKHEDA MODEL,NAGDA,UJJAIN
5594,GOVT H.S.S. RUPETA,NAGDA,UJJAIN
5595,ADARSH VINAY H.S.S. RUPETA,NAGDA,UJJAIN
5596,GOVT PRI._M.S. JALODIYA JAGIR,NAGDA,UJJAIN
5597,GOVT. P.S. ROHALKHURD,NAGDA,UJJAIN
5598,VIMLA CONVENT H.S. NAVADA UNHEL,NAGDA,UJJAIN
6601,GOVT. M. SCHOOL PATPALA,UJJAIN,UJJAIN
6651,GYAN SANSKAR PUBLIC AMBODIYA,GHATIYA,UJJAIN
6652,GOVT. M. S. AMBODIYA,GHATIYA,UJJAIN
6653,GOVT. MIDDLE SCHOOL SILODA RAWAL,GHATIYA,UJJAIN
6654,SANJIWANI VIDHYA MANDIR AMBODIYA,GHATIYA,UJJAIN
6655,GOVT. BOYS M.S. BHAIRAVGARH,GHATIYA,UJJAIN
6656,GOVT.GIRLS M.S. BHAIRAVGARH,GHATIYA,UJJAIN
6657,NALANDA CONVENT H.S. SCHOOL BHAIRAVGARH,GHATIYA,UJJAIN
6658,DURGESHWARI CONVENT SCHOOL AMBODIYA,GHATIYA,UJJAIN
6659,SHASHWAT INTERNATIONAL SCHOOL,GHATIYA,UJJAIN
6660,GOVT. M. S. JETHAL,GHATIYA,UJJAIN
6661,GOVT. H. SCHOOL JETHAL,GHATIYA,UJJAIN
6662,CARMEL H. S. BANDKA,GHATIYA,UJJAIN
6663,GENIUS ACADEMY ENGLISH SCHOOL PALWA,GHATIYA,UJJAIN
6664,MAA SARASWATI SANSKAR MANDIR BICHHAROD,GHATIYA,UJJAIN
6665,S.B.M. CONVENT SCHOOL BICHHAROD,GHATIYA,UJJAIN
6666,GOVT. H. S. SCHOOL BICHHAROD,GHATIYA,UJJAIN
6667,SARASWATI GYAM MANDIR BICHHAROD,GHATIYA,UJJAIN
6668,GOVT. GIRLS M.SCHOOL GHATIYA,GHATIYA,UJJAIN
6670,GOVT GIRLS M.S. PANBIHAR,GHATIYA,UJJAIN
7701,SARASWATI SHISHU MANDIR DATTOTAR,DEWAS,DEWAS
7702,VIKRAM H.S.S. DATTOTAR,DEWAS,DEWAS
7704,SARASWATI SHISHU  MANDIR SUNWANI GOPAL,DEWAS,DEWAS
7705,SARASWATI VIDYA MANDIR VIJAYAGANJ MANDI,DEWAS,DEWAS
7706,GOVT. P._M._H. S. BHESUNI,DEWAS,DEWAS
8711,VIVEKANAND VIDYA VIHAR,SANWER,INDORE
8712,SANSKAR VIDYA VIHAR,SANWER,INDORE
8713,GOVT. H.S. SCHOOL CHANDRAVATIGANJ,SANWER,INDORE
8714,SARSWATI VANDANA MANDIR POTLOD,SANWER,INDORE
8715,GOVT. M. SCHOOL POTLOD,SANWER,INDORE
9721,GOVT. M.S. MINAVADA,TAAL,RATLAM
9722,SARASWATI SHISHU MANDIR MINAVADA,TAAL,RATLAM
9723,GOVT. P._M. S. KOLUKHEDI,TAAL,RATLAM
